{
  "firstspawn": {
    "x": -256.4899980183226,
    "y": 69,
    "z": 77.4308009807649,
    "rotx": 6.450007438659668,
    "roty": -271.3299865722656,
    "rotz": 0,
    "world": "2b8b3305-49a2-41ee-b830-a60ba041063a"
  }
}
